,latitude,longitude,rank,company_name,address,city,state,employee_count,revenue,profit
0,36.36477,-94.21763,1,WALMART,702 SW 8TH STREET,Bentonville,AR,2300000,485873,13643.0
1,41.25721,-95.96556,2,BERKSHIRE HATHAWAY,3555 FARNAM STREET,Omaha,NE,367700,223604,24074.0
2,37.33177,-122.03042,3,APPLE,1 INFINITE LOOP,Cupertino,CA,116000,215639,45687.0
3,32.89021,-96.94977,4,EXXON MOBIL,5959 LAS COLINAS BOULEVARD,Irving,TX,72700,205004,7840.0
4,37.78877,-122.40257,5,MCKESSON,1 POST STREET,San Francisco,CA,68000,192487,2258.0
5,44.89756,-93.40318,6,UNITEDHEALTH GROUP,9900 BREN ROAD EAST,Minnetonka,MN,230000,184840,7017.0
6,41.99339,-71.47789,7,CVS HEALTH,1 CVS DRIVE,Woonsocket,RI,204000,177526,5317.0
7,42.32942,-83.04079,8,GENERAL MOTORS,300 RENAISSANCE CENTER,Detroit,MI,225000,166380,9427.0
8,32.77946,-96.7993,9,AT&T,208 SOUTH AKARD STREET,Dallas,TX,268540,163786,12976.0
9,42.31475,-83.2094,10,FORD MOTOR,1 AMERICAN ROAD,Dearborn,MI,201000,151800,4596.0
10,40.0692,-75.46781,11,AMERISOURCEBERGEN,1300 MORRIS DRIVE,Chesterbrook,PA,18500,146850,1427.9
11,47.62226,-122.33676,12,AMAZON.COM,410 TERRY AVENUE NORTH,Seattle,WA,341400,135987,2371.0
12,41.21922,-73.25309,13,GENERAL ELECTRIC,3135 EASTON TURNPIKE,Fairfield,CT,295000,126661,8831.0
13,40.754677,-73.984931,14,VERIZON COMMUNICATIONS,1095 AVENUE OF THE AMERICAS,New York,NY,160900,125980,13127.0
14,40.10899,-83.12077,15,CARDINAL HEALTH,7000 CARDINAL PLACE,Dublin,OH,37300,121546,1427.0
15,47.54779,-122.05035,16,COSTCO,999 LAKE DRIVE,Issaquah,WA,172000,118719,2350.0
16,42.1552,-87.86746,17,WALGREENS BOOTS ALLIANCE,108 WILMOT ROAD,Deerfield,IL,300000,117351,4173.0
17,39.10673,-84.51422,18,KROGER,1014 VINE STREET,Cincinnati,OH,443000,115337,1975.0
18,37.75832,-121.95969,19,CHEVRON,6001 BOLLINGER CANYON ROAD,San Ramon,CA,55200,107567,-497.0
19,38.94045,-77.07715,20,FANNIE MAE,3900 WISCONSIN AVENUE NW,Washington,DC,7000,107162,12313.0
20,40.75598,-73.97599,21,J.P. MORGAN CHASE,270 PARK AVENUE,New York,NY,243355,105486,24733.0
21,38.71851,-90.31114,22,EXPRESS SCRIPTS HOLDING,1 EXPRESS WAY,Saint Louis,MO,25600,100288,3404.4
22,33.86197,-84.48297,23,HOME DEPOT,2455 PACES FERRY ROAD NW,Atlanta,GA,406000,94595,7957.0
23,41.88355,-87.63855,24,BOEING,100 NORTH RIVERSIDE PLAZA,Chicago,IL,150540,94571,4895.0
24,37.7934,-122.4024,25,WELLS FARGO,420 MONTGOMERY STREET,San Francisco,CA,269100,94176,21938.0
25,35.22704,-80.84207,26,BANK OF AMERICA CORP.,100 NORTH TRYON STREET,Charlotte,NC,208024,93662,17906.0
26,37.42202,-122.08432,27,ALPHABET,1600 AMPHITHEATRE PARKWAY,Mountain View,CA,72053,90272,19478.0
27,47.64005,-122.1298,28,MICROSOFT,1 MICROSOFT WAY,Redmond,WA,114000,85320,16798.0
28,39.76913,-86.15881,29,ANTHEM,120 MONUMENT CIRCLE,Indianapolis,IN,53000,84863,2469.8
29,40.75901,-73.97153,30,CITIGROUP,399 PARK AVENUE,New York,NY,219000,82386,14912.0
30,39.95468,-75.16848,31,COMCAST,1701 JOHN F KENNEDY BOULEVARD,Philadelphia,PA,159000,80403,8695.0
31,41.10754,-73.72124,32,IBM,1 NEW ORCHARD ROAD,Armonk,NY,414400,79919,11872.0
32,40.47689,-88.95483,33,STATE FARM INSURANCE COS.,1 STATE FARM PLAZA,Bloomington,IL,68234,76132,350.3
33,29.740913,-95.560908,34,PHILLIPS 66,2331 CITYWEST BOULEVARD,Houston,TX,14800,72396,1555.0
34,40.49804,-74.44296,35,JOHNSON & JOHNSON,1 JOHNSON AND JOHNSON PLAZA,New Brunswick,NJ,126400,71890,16540.0
35,39.10311,-84.50542,36,PROCTER & GAMBLE,1 PROCTER AND GAMBLE PLAZA,Cincinnati,OH,105000,71726,10508.0
36,29.58919,-98.606,37,VALERO ENERGY,1 VALERO WAY,San Antonio,TX,9996,70166,2289.0
37,44.97396,-93.27563,38,TARGET,1000 NICOLLET MALL,Minneapolis,MN,323000,69495,2737.0
38,38.93286,-77.22706,39,FREDDIE MAC,8200 JONES BRANCH DRIVE,Mclean,VA,5982,65665,7815.0
39,35.54119,-80.85421,40,LOWE'S,1000 LOWE'S BOULEVARD,Mooresville,NC,240000,65017,3093.0
40,30.48641,-97.67513,41,DELL TECHNOLOGIES,1 DELL WAY,Round Rock,TX,138000,64806,-1672.0
41,40.75306,-73.97776,42,METLIFE,200 PARK AVENUE,New York,NY,58000,63476,800.0
42,41.76776,-72.69221,43,AETNA,151 FARMINGTON AVENUE,Hartford,CT,49500,63155,2271.0
43,41.03475,-73.69335,44,PEPSICO,700 ANDERSON HILL ROAD,Purchase,NY,264000,62799,6329.0
44,39.86725,-88.88608,45,ARCHER DANIELS MIDLAND,4666 FARIES PARKWAY,Decatur,IL,31800,62346,1279.0
45,33.94199,-84.36142,46,UPS,55 GLENLAKE PARKWAY NE,Atlanta,GA,335520,60906,3431.0
46,37.38851,-121.96375,47,INTEL,2200 MISSION COLLEGE BOULEVARD,Santa Clara,CA,106000,59387,10316.0
47,40.73666,-74.17158,48,PRUDENTIAL FINANCIAL,751 BROAD STREET,Newark,NJ,49739,58779,4368.0
48,43.59974,-116.18099,49,ALBERTSONS COS.,250 PARKCENTER BOULEVARD,Boise,ID,274000,58734,-502.2
49,41.708447,-72.803224,50,UNITED TECHNOLOGIES,10 FARM SPRINGS ROAD,Farmington,CT,201600,57244,5055.0
50,41.03602,-83.64974,51,MARATHON PETROLEUM,539 SOUTH MAIN STREET,Findlay,OH,44460,55858,1174.0
51,34.15687,-118.32503,52,DISNEY,500 SOUTH BUENA VISTA STREET,Burbank,CA,195000,55632,9391.0
52,38.25647,-85.75889,53,HUMANA,500 WEST MAIN STREET,Louisville,KY,51600,54379,614.0
53,40.75039,-73.97252,54,PFIZER,235 EAST 42ND STREET,New York,NY,96500,52824,7215.0
54,40.70636,-74.00513,55,AIG,175 WATER STREET,New York,NY,56400,52367,-849.0
55,39.031,-77.13895,56,LOCKHEED MARTIN,6801 ROCKLEDGE DRIVE,Bethesda,MD,97000,50658,5302.0
56,29.75826,-95.62004,57,SYSCO,1390 ENCLAVE PARKWAY,Houston,TX,51900,50367,949.6
57,35.10565,-89.85831,58,FEDEX,942 SOUTH SHADY GROVE ROAD,Memphis,TN,335767,50365,1820.0
58,37.41467,-122.14572,59,HEWLETT PACKARD ENTERPRISE,3000 HANOVER STREET,Palo Alto,CA,195000,50123,3161.0
59,37.40866,-121.9537,60,CISCO SYSTEMS,170 WEST TASMAN DRIVE,San Jose,CA,73700,49247,10739.0
60,37.41467,-122.14572,61,HP,3000 HANOVER STREET,Palo Alto,CA,49000,48238,2496.0
61,43.43742,-84.01462,62,DOW CHEMICAL,2030 DOW CENTER,Midland,MI,56000,48158,4318.0
62,36.15317,-86.81451,63,HCA HOLDINGS,1 PARK PLAZA,Nashville,TN,210500,44747,2890.0
63,33.77128,-84.39629,64,COCA-COLA,1 COCA-COLA PLAZA,Atlanta,GA,100300,41863,6527.0
64,40.74324,-73.98606,65,NEW YORK LIFE INSURANCE,51 MADISON AVENUE,New York,NY,11320,40787,1088.1
65,38.64954,-90.33465,66,CENTENE,7700 FORSYTH BOULEVARD,Saint Louis,MO,30500,40721,562.0
66,32.82564,-97.05058,67,AMERICAN AIRLINES GROUP,4333 AMON CARTER BOULEVARD,Fort Worth,TX,122300,40180,2676.0
67,39.96857,-83.00345,68,NATIONWIDE,1 NATIONWIDE BOULEVARD,Columbus,OH,34320,40074,334.3
68,40.677334,-74.272687,69,MERCK,2000 GALLOPING HILL ROAD,Kenilworth,NJ,68000,39807,3920.0
69,41.81703,-72.73874,70,CIGNA,900 COTTAGE GROVE ROAD,Bloomfield,CT,41000,39668,1867.0
70,33.6564,-84.42315,71,DELTA AIR LINES,1030 DELTA BOULEVARD,Atlanta,GA,83756,39639,4373.0
71,44.86392,-93.30542,72,BEST BUY,7601 PENN AVENUE SOUTH,Richfield,MN,125000,39403,1228.0
72,40.79199,-74.44436,73,HONEYWELL INTERNATIONAL,101 COLUMBIA ROAD,Morris Township,NJ,131000,39302,4809.0
73,40.69173,-89.58841,74,CATERPILLAR,100 NE ADAMS STREET,Peoria,IL,95400,38537,-67.0
74,42.35006,-71.07208,75,LIBERTY MUTUAL INSURANCE GROUP,175 BERKELEY STREET,Boston,MA,50000,38308,1006.0
75,40.75998,-73.98551,76,MORGAN STANLEY,1585 BROADWAY,New York,NY,55311,37949,5979.0
76,42.11747,-72.5481,77,MASSACHUSETTS MUTUAL LIFE INSURANCE,1295 STATE STREET,Springfield,MA,11737,37788,1273.5
77,40.71473,-74.01444,78,GOLDMAN SACHS GROUP,200 WEST STREET,New York,NY,34400,37712,7398.0
78,32.861433,-96.807209,79,ENERGY TRANSFER EQUITY,8111 WESTCHESTER DRIVE,Dallas,TX,30992,37504,995.0
79,40.75318,-73.97332,80,TIAA,730 3RD AVENUE,New York,NY,12997,37105,1492.3
80,37.53073,-122.26245,81,ORACLE,500 ORACLE PARKWAY,Redwood City,CA,136000,37047,8901.0
81,36.15401,-94.15459,82,TYSON FOODS,2200 WEST DON TYSON PARKWAY,Springdale,AR,114000,36881,1768.0
82,41.8787,-87.63598,83,UNITED CONTINENTAL HOLDINGS,233 SOUTH WACKER DRIVE,Chicago,IL,88000,36556,2263.0
83,42.09907,-87.87074,84,ALLSTATE,2775 SANDERS ROAD,Northbrook,IL,43275,36534,1877.0
84,28.0023,-82.01313,85,PUBLIX SUPER MARKETS,3300 PUBLIX CORPORATE PARKWAY,Lakeland,FL,191000,34274,2025.7
85,40.71392,-74.01469,86,AMERICAN EXPRESS,200 VESEY STREET,New York,NY,56400,33823,5408.0
86,42.30874,-71.38258,87,TJX,770 COCHITUATE ROAD,Framingham,MA,235000,33184,2298.2
87,45.50715,-122.82844,88,NIKE,1 BOWERMAN DRIVE,Beaverton,OR,70700,32376,3760.0
88,41.88133,-87.63014,89,EXELON,10 SOUTH DEARBORN STREET,Chicago,IL,34396,31360,1134.0
89,38.86895,-77.21468,90,GENERAL DYNAMICS,2941 FAIRVIEW PARK DRIVE,Falls Church,VA,98800,31353,2955.0
90,40.25675,-76.91367,91,RITE AID,30 HUNTER LANE,Camp Hill,PA,70580,30737,165.5
91,37.56714,-122.28188,92,GILEAD SCIENCES,333 LAKESIDE DRIVE,Foster City,CA,9000,30390,13501.0
92,44.86943,-93.06283,93,CHS,5500 CENEX DRIVE,Inver Grove Height,MN,12157,30347,424.2
93,44.95067,-92.99524,94,3M,2501 HUDSON ROAD,Maplewood,MN,91584,30109,5050.0
94,40.76769,-73.98228,95,TIME WARNER,1 TIME WARNER CENTER,New York,NY,25000,29318,3926.0
95,41.04985,-73.5389,96,CHARTER COMMUNICATIONS,400 ATLANTIC STREET,Stamford,CT,91500,29003,3522.0
96,43.03961,-87.90223,97,NORTHWESTERN MUTUAL,720 EAST WISCONSIN AVENUE,Milwaukee,WI,5646,28799,818.0
97,37.48229,-122.1504,98,FACEBOOK,1601 WILLOW ROAD,Menlo Park,CA,17048,27638,10217.0
98,40.75408,-73.97349,99,TRAVELERS COS.,485 LEXINGTON AVENUE,New York,NY,30900,27625,3014.0
99,38.92432,-77.21334,100,CAPITAL ONE FINANCIAL,1680 CAPITAL ONE DRIVE,Mclean,VA,47300,27519,3751.0
100,40.75867,-73.9824,101,TWENTY-FIRST CENTURY FOX,1211 AVENUE OF THE AMERICAS,New York,NY,21500,27326,2755.0
101,29.53455,-98.573,102,USAA,9800 FREDERICKSBURG ROAD,San Antonio,TX,29943,27131,1779.1
102,25.81058,-80.35481,103,WORLD FUEL SERVICES,9800 NW 41ST STREET,Miami,FL,5000,27016,126.5
103,40.75168,-73.97843,104,PHILIP MORRIS INTERNATIONAL,120 PARK AVENUE,New York,NY,79500,26685,6967.0
104,41.47632,-90.42457,105,DEERE,1 JOHN DEERE PLACE,Moline,IL,56767,26644,1523.9
105,41.885297,-87.621006,106,KRAFT HEINZ,200 EAST RANDOLPH STREET,Chicago,IL,41000,26487,3632.0
106,27.9175,-82.70783,107,TECH DATA,5350 TECH DATA DRIVE,Clearwater,FL,9500,26235,195.1
107,33.42748,-111.97988,108,AVNET,2211 SOUTH 47TH STREET,Phoenix,AZ,17700,26219,506.5
108,42.16287,-87.87935,109,MONDELEZ INTERNATIONAL,3 PARKWAY NORTH,Deerfield,IL,90000,25923,1659.0
109,39.10325,-84.51413,110,MACY'S,7 WEST 7TH STREET,Cincinnati,OH,148300,25778,619.0
110,42.30212,-87.89156,111,ABBVIE,1 NORTH WAUKEGAN,North Chicago,IL,30000,25638,5953.0
111,41.84894,-87.94548,112,MCDONALD'S,1 MCDONALD'S PLAZA,Oak Brook,IL,375000,24622,4686.5
112,39.74627,-75.54817,113,DUPONT,1007 MARKET STREET,Wilmington,DE,46000,24594,2513.0
113,38.86758,-77.21551,114,NORTHROP GRUMMAN,2980 FAIRVIEW PARK DRIVE,Falls Church,VA,67000,24508,2200.0
114,29.78758,-95.61758,115,CONOCOPHILLIPS,600 NORTH DAIRY ASHFORD STREET,Houston,TX,13300,24360,-3615.0
115,42.40632,-71.27939,116,RAYTHEON,870 WINTER STREET,Waltham,MA,63000,24069,2211.0
116,29.6161,-98.45941,117,ANDEAVOR,19100 RIDGEWOOD PARKWAY,San Antonio,TX,6308,24005,734.0
117,39.581553,-104.88214,118,ARROW ELECTRONICS,9201 EAST DRY CREEK ROAD,Centennial,CO,18700,23825,522.8
118,32.89718,-117.19576,119,QUALCOMM,5775 MOREHOUSE DRIVE,San Diego,CA,30500,23554,5705.0
119,41.53704,-81.45156,120,PROGRESSIVE,6300 WILSON MILLS ROAD,Mayfield Village,OH,31721,23441,1031.0
120,35.22391,-80.8481,121,DUKE ENERGY,550 SOUTH TRYON STREET,Charlotte,NC,28798,23369,2152.0
121,29.75765,-95.36883,122,ENTERPRISE PRODUCTS PARTNERS,1100 LOUISIANA STREET,Houston,TX,6800,23022,2513.1
122,34.19201,-118.91968,123,AMGEN,1 AMGEN CENTER DRIVE,Thousand Oaks,CA,19200,22991,7722.0
123,41.9889,-87.85781,124,US FOODS HOLDING,9399 WEST HIGGINS ROAD,Rosemont,IL,25000,22919,209.8
124,44.97559,-93.27387,125,U.S. BANCORP,800 NICOLLET MALL,Minneapolis,MN,71191,22744,5888.0
125,32.46836,-84.96455,126,AFLAC,1932 WYNNTON ROAD,Columbus,GA,10212,22559,2659.0
126,42.08016,-88.22354,127,SEARS HOLDINGS,3333 BEVERLY ROAD,Hoffman Estates,IL,140000,22138,-2221.0
127,36.30908,-86.6993,128,DOLLAR GENERAL,100 MISSION RIDGE,Goodlettsville,TN,121000,21987,1251.1
128,26.12002,-80.14419,129,AUTONATION,200 SW 1ST AVENUE,Fort Lauderdale,FL,26000,21609,430.5
129,35.95185,-86.81122,130,COMMUNITY HEALTH SYSTEMS,4000 MERIDIAN BOULEVARD,Franklin,TN,108000,21374,-1721.0
130,47.58181,-122.33534,131,STARBUCKS,2401 UTAH AVENUE SOUTH,Seattle,WA,254000,21316,2817.7
131,39.75545,-86.15487,132,ELI LILLY,893 SOUTH DELAWARE STREET,Indianapolis,IN,41975,21222,2737.6
132,35.10015,-89.84948,133,INTERNATIONAL PAPER,6400 POPLAR AVENUE,Memphis,TN,55000,21079,904.0
133,32.78485,-96.80259,134,TENET HEALTHCARE,1445 ROSS AVENUE,Dallas,TX,116475,21070,-192.0
134,34.00131,-118.48518,135,ABBOTT LABORATORIES,100 ABBOTT PARK ROAD,Santa Monica,CA,75000,20853,1400.0
135,36.76982,-76.24149,136,DOLLAR TREE,500 VOLVO PARKWAY,Chesapeake,VA,116050,20719,896.2
136,42.14912,-86.44101,137,WHIRLPOOL,2000 NORTH M-63,Benton Harbor,MI,93000,20718,888.0
137,32.84607,-96.86395,138,SOUTHWEST AIRLINES,2702 LOVE FIELD DRIVE,Dallas,TX,53536,20425,2244.0
138,38.73232,-90.28532,139,EMERSON ELECTRIC,8000 WEST FLORISSANT AVENUE,Saint Louis,MO,103500,20268,1635.0
139,42.29132,-71.4901,140,STAPLES,500 STAPLES DRIVE,Framingham,MA,61503,20217,-1497.0
140,29.75729,-95.37175,141,PLAINS GP HOLDINGS,333 CLAY STREET,Houston,TX,5100,20182,94.0
141,42.60254,-83.28796,142,PENSKE AUTOMOTIVE GROUP,2555 TELEGRAPH ROAD,Bloomfield Hills,MI,24000,20143,342.9
142,41.25917,-95.93518,143,UNION PACIFIC,1400 DOUGLAS STREET,Omaha,NE,42919,19941,4233.0
143,38.90158,-77.04905,144,DANAHER,2200 PENNSYLVANIA AVENUE NW,Washington,DC,62000,19912,2553.7
144,33.76434,-84.38826,145,SOUTHERN,30 IVAN ALLEN JR. BOULEVARD NW,Atlanta,GA,32015,19896,2448.0
145,43.0493,-87.91236,146,MANPOWERGROUP,100 MANPOWER PLACE,Milwaukee,WI,28000,19654,443.7
146,40.75775,-73.97242,147,BRISTOL-MYERS SQUIBB,345 PARK AVENUE,New York,NY,25000,19427,4457.0
147,37.60024,-77.51729,148,ALTRIA GROUP,6601 WEST BROAD STREET,Richmond,VA,8300,19337,14239.0
148,32.90331,-96.94971,149,FLUOR,6700 LAS COLINAS BOULEVARD,Irving,TX,61551,19037,281.4
149,43.12196,-88.12328,150,KOHL'S,N56W17000 RIDGEWOOD DRIVE,Menomonee Falls,WI,85000,18686,556.0
150,42.45125,-83.28132,151,LEAR,21557 TELEGRAPH ROAD,Southfield,MI,148400,18558,975.1
151,27.86769,-82.64715,152,JABIL CIRCUIT,10560 DR. MARTIN LUTHER KING,Saint Petersburg,FL,138000,18353,254.1
152,41.77241,-72.68879,153,HARTFORD FINANCIAL SERVICES GROUP,1 HARTFORD PLAZA,Hartford,CT,16900,18300,896.0
153,42.399867,-71.25811,154,THERMO FISHER SCIENTIFIC,168 3RD AVENUE,Waltham,MA,54800,18274,2021.8
154,32.86992,-96.95025,155,KIMBERLY-CLARK,351 PHELPS DRIVE,Irving,TX,42000,18202,2166.0
155,33.7666,-118.20027,156,MOLINA HEALTHCARE,200 OCEANGATE,Long Beach,CA,21000,17782,52.0
156,37.79146,-122.39592,157,PG&E CORP.,77 BEALE STREET,San Francisco,CA,24000,17666,1393.0
157,44.875,-93.41186,158,SUPERVALU,7075 FLYING CLOUD DRIVE,Eden Prairie,MN,38000,17529,178.0
158,39.20402,-85.92326,159,CUMMINS,500 JACKSON STREET,Columbus,IN,55400,17509,1394.0
159,32.58997,-92.06862,160,CENTURYLINK,100 CENTURYLINK DRIVE,Monroe,LA,40000,17470,626.0
160,34.058754,-118.416831,161,AECOM,1999 AVENUE OF THE STARS,Los Angeles,CA,87000,17411,96.1
161,41.14499,-73.42985,162,XEROX,45 GLOVER AVENUE,Norwalk,CT,133600,17126,-477.0
162,39.02452,-77.13904,163,MARRIOTT INTERNATIONAL,10400 FERNWOOD ROAD,Bethesda,MD,226500,17072,780.0
163,47.61655,-122.19966,164,PACCAR,777 106TH AVENUE NE,Bellevue,WA,23000,17033,521.7
164,44.977,-93.39559,165,GENERAL MILLS,1 GENERAL MILLS BOULEVARD,Minneapolis,MN,39000,16563,1697.4
165,40.44129,-80.00051,166,PNC FINANCIAL SERVICES GROUP,249 5TH AVENUE,Pittsburgh,PA,50683,16423,3903.0
166,39.96514,-83.00596,167,AMERICAN ELECTRIC POWER,1 RIVERSIDE PLAZA,Columbus,OH,17634,16380,610.9
167,40.76405,-73.97311,168,ICAHN ENTERPRISES,767 5TH AVENUE,New York,NY,90980,16348,-1128.0
168,35.15941,-80.83467,169,NUCOR,1915 REXFORD ROAD,Charlotte,NC,23900,16208,796.3
169,26.85979,-80.05985,170,NEXTERA ENERGY,700 UNIVERSE BOULEVARD,Juno Beach,FL,14700,16155,2912.0
170,37.60589,-77.64471,171,PERFORMANCE FOOD GROUP,12500 WEST CREEK PARKWAY,Richmond,VA,13000,16105,68.3
171,40.84762,-74.45694,172,PBF ENERGY,1 SYLVAN WAY,Parsippany,NJ,3165,15920,170.8
172,29.9364,-95.34107,173,HALLIBURTON,3000 NORTH SAM HOUSTON PARKWAY EAST,Houston,TX,50000,15887,-5763.0
173,37.63877,-77.67067,174,CARMAX,12800 TUCKAHOE CREEK PARKWAY,Richmond,VA,22429,15833,623.4
174,33.45174,-112.07317,175,FREEPORT-MCMORAN,333 NORTH CENTRAL AVENUE,Phoenix,AZ,30000,15789,-4154.0
175,30.27086,-97.75277,176,WHOLE FOODS MARKET,550 BOWIE STREET,Austin,TX,73515,15724,507.0
176,40.71281,-74.015409,177,BANK OF NEW YORK MELLON CORP.,225 LIBERTY STREET,New York,NY,52000,15683,3547.0
177,37.79086,-122.39103,178,GAP,2 FOLSOM STREET,San Francisco,CA,135000,15516,676.0
178,40.757353,-73.975244,179,OMNICOM GROUP,437 MADISON AVENUE,New York,NY,78500,15417,1148.6
179,33.89521,-84.46972,180,GENUINE PARTS,2999 CIRCLE 75 PARKWAY,Atlanta,GA,40000,15340,687.2
180,39.75385,-105.00405,181,DAVITA HEALTHCARE PARTNERS,2000 16TH STREET,Denver,CO,70300,15197,879.9
181,40.75705,-73.97471,182,COLGATE-PALMOLIVE,300 PARK AVENUE,New York,NY,36700,15195,2441.0
182,40.43992,-80.00357,183,PPG INDUSTRIES,1 PPG PLACE,Pittsburgh,PA,47000,15178,877.0
183,41.05943,-81.47725,184,GOODYEAR TIRE & RUBBER,200 INNOVATION WAY,Akron,OH,66000,15158,1264.0
184,41.09674,-73.56197,185,SYNCHRONY FINANCIAL,777 LONG RIDGE ROAD,Stamford,CT,15000,15122,2251.0
185,39.54506,-104.85536,186,DISH NETWORK,9601 SOUTH MERIDIAN BOULEVARD,Englewood,CO,16000,15095,1449.9
186,37.5592,-122.27658,187,VISA,900 METRO CENTER BOULEVARD,Foster City,CA,14200,15082,5991.0
187,47.61242,-122.33591,188,NORDSTROM,1617 6TH AVENUE,Seattle,WA,72500,14757,354.0
188,40.752557,-73.973738,189,INTL FCSTONE,708 3RD AVENUE,New York,NY,1464,14755,54.7
189,33.93671,-84.22019,190,WESTROCK,504 THRASHER STREET,Norcross,GA,39000,14706,-396.3
190,41.01936,-73.64796,191,XPO LOGISTICS,5 GREENWICH OFFICE PARK,Greenwich,CT,87000,14619,69.0
191,39.95213,-75.15845,192,ARAMARK,1101 MARKET STREET,Philadelphia,PA,217250,14416,287.8
192,40.76064,-73.97819,193,CBS,51 WEST 52ND STREET,New York,NY,18410,14386,1261.0
193,38.87985,-77.11261,194,AES,4300 WILSON BOULEVARD,Arlington,VA,19000,14287,-1130.0
194,28.03336,-82.54968,195,WELLCARE HEALTH PLANS,8725 HENDERSON ROAD,Tampa,FL,7400,14237,242.1
195,41.083253,-81.518515,196,FIRSTENERGY,76 SOUTH MAIN STREET,Akron,OH,15707,14156,-6177.0
196,41.2563,-95.92733,197,CONAGRA FOODS,1 CONAGRA DRIVE,Omaha,NE,20900,14134,-677.0
197,37.49628,-121.97965,198,SYNNEX,44201 NOBEL DRIVE,Fremont,CA,110000,14062,234.9
198,42.22831,-87.94421,199,CDW,200 NORTH MILWAUKEE AVENUE,Vernon Hills,IL,8516,13982,424.4
199,41.82491,-71.40919,200,TEXTRON,40 WESTMINSTER STREET,Providence,RI,36000,13788,962.0
200,29.75579,-95.36391,201,WASTE MANAGEMENT,1001 FANNIN STREET,Houston,TX,41200,13609,1182.0
201,42.08769,-87.84604,202,ILLINOIS TOOL WORKS,3600 WEST LAKE AVENUE,Glenview,IL,50000,13599,2035.0
202,26.40427,-80.12051,203,OFFICE DEPOT,6600 NORTH MILITARY TRAIL,Boca Raton,FL,38000,13585,529.0
203,38.66933,-90.39977,204,MONSANTO,800 NORTH LINDBERGH BOULEVARD,Saint Louis,MO,22450,13502,1336.0
204,40.87398,-74.00657,205,COGNIZANT TECHNOLOGY SOLUTIONS,500 FRANK W BURR BOULEVARD,Teaneck,NJ,260200,13487,1553.0
205,32.91043,-96.75812,206,TEXAS INSTRUMENTS,12500 TI BOULEVARD,Dallas,TX,29865,13370,3595.0
206,40.04054,-75.36449,207,LINCOLN NATIONAL,150 NORTH RADNOR CHESTER ROAD,Radnor,PA,9057,13330,1192.0
207,40.738661,-74.027717,208,NEWELL BRANDS,221 RIVER STREET,Hoboken,NJ,53400,13264,527.8
208,45.06354,-93.15133,209,LAND O'LAKES,4001 LEXINGTON AVENUE NORTH,Arden Hills,MN,10000,13233,244.9
209,40.75676,-73.98177,210,MARSH & MCLENNAN,1166 AVENUE OF THE AMERICAS,New York,NY,60000,13211,1768.0
210,44.94594,-93.09467,211,ECOLAB,370 WABAHA STREET NORTH,Saint Paul,MN,47565,13153,1229.6
211,44.82112,-93.46055,212,C.H. ROBINSON WORLDWIDE,14701 CHARLSON ROAD,Eden Prairie,MN,14125,13144,513.4
212,40.76459,-73.97049,213,LOEWS,667 MADISON AVENUE,New York,NY,15800,13105,654.0
213,34.05154,-118.25348,214,CBRE GROUP,400 SOUTH HOPE STREET,Los Angeles,CA,75000,13072,572.0
214,29.75788,-95.36738,215,KINDER MORGAN,1001 LOUISIANA STREET,Houston,TX,11121,13058,708.0
215,42.3523,-85.22982,216,KELLOGG,1 KELLOGG SQUARE,Battle Creek,MI,37369,13014,694.0
216,33.6705,-117.84007,217,WESTERN DIGITAL,3355 MICHAELSON DRIVE,Irvine,CA,72878,12994,242.0
217,40.70403,-74.00964,218,GUARDIAN LIFE INS. CO. OF AMERICA,7 HANOVER SQUARE,New York,NY,8876,12919,263.9
218,37.71041,-121.89039,219,ROSS STORES,5130 HACIENDA DRIVE,Dublin,CA,78600,12867,1117.7
219,40.05448,-82.89613,220,L BRANDS,3 LIMITED PARKWAY,Columbus,OH,59100,12574,1158.1
220,33.0811,-96.83171,221,J.C. PENNEY,6501 LEGACY DRIVE,Plano,TX,106000,12547,1.0
221,34.185167,-118.602327,222,FARMERS INSURANCE EXCHANGE,6303 OWENSMOUTH AVENUE,Los Angeles,CA,13309,12513,-147.9
222,36.09949,-80.24373,223,REYNOLDS AMERICAN,401 NORTH MAIN STREET,Winston-Salem,NC,5525,12503,6073.0
223,40.75793,-73.98644,224,VIACOM,1515 BROADWAY,New York,NY,9650,12488,1438.0
224,41.01613,-74.20762,225,BECTON DICKINSON,1 BECTON DRIVE,Franklin Lakes,NJ,50928,12483,976.0
225,43.52925,-116.14697,226,MICRON TECHNOLOGY,8000 SOUTH FEDERAL WAY,Boise,ID,31400,12399,-276.0
226,41.58857,-93.62759,227,PRINCIPAL FINANCIAL,711 HIGH STREET,Des Moines,IA,14854,12394,1316.5
227,30.43797,-97.64599,228,ARCONIC,1007 SOUTH HEATHERWILDE BOULEVARD,Austin,TX,41500,12394,-941.0
228,40.319335,-74.655125,229,NRG ENERGY,804 CARNEGIE CENTER,Princeton,NJ,8763,12351,-774.0
229,36.12171,-79.79907,230,VF,105 CORPORATE CENTER BOULEVARD,Greensboro,NC,69000,12207,1074.1
230,35.46728,-97.51843,231,DEVON ENERGY,333 WEST SHERIDAN AVENUE,Oklahoma City,OK,3545,12197,-3302.0
231,32.75605,-97.33065,232,D.R. HORTON,301 COMMERCE STREET,Fort Worth,TX,6976,12157,886.3
232,40.69729,-74.30522,233,BED BATH & BEYOND,650 LIBERTY AVENUE,Union,NJ,62000,12104,841.5
233,40.73403,-73.98852,234,CONSOLIDATED EDISON,4 IRVING PLACE,New York,NY,14960,12075,1245.0
234,34.05394,-118.08024,235,EDISON INTERNATIONAL,2244 WALNUT GROVE AVENUE,Rosemead,CA,12390,11869,1311.0
235,41.49747,-81.69359,236,SHERWIN-WILLIAMS,101 WEST PROSPECT AVENUE,Cleveland,OH,42550,11856,1132.7
236,36.07226,-95.92557,237,NGL ENERGY PARTNERS,6120 SOUTH YALE AVENUE,Tulsa,OK,3200,11742,-198.9
237,37.534,-77.45263,238,DOMINION RESOURCES,120 TREDEGAR STREET,Richmond,VA,16200,11737,2123.0
238,44.97526,-93.26949,239,AMERIPRISE FINANCIAL,55 AMERIPRISE FINANCIAL CENTER,Minneapolis,MN,13195,11735,1314.0
239,40.81623,-74.30939,240,ADP,1 ADP BOULEVARD,Roseland,NJ,57000,11668,1492.5
240,38.92871,-77.21557,241,HILTON WORLDWIDE HOLDINGS,7930 JONES BRANCH DRIVE,Mclean,VA,169000,11663,348.0
241,33.90543,-84.36033,242,FIRST DATA,5565 GLENRIDGE CONNECTOR NE,Atlanta,GA,24000,11584,420.0
242,40.76804,-73.4179,243,HENRY SCHEIN,135 DURYEA ROAD,Melville,NY,21000,11572,506.8
243,40.98003,-74.25564,244,"TOYS ""R"" US",1 GEOFFREY WAY,Wayne,NJ,64000,11540,-36.0
244,36.09576,-80.24518,245,BB&T CORP.,200 WEST 2ND STREET,Winston-Salem,NC,37500,11538,2426.0
245,38.661306,-90.56653,246,REINSURANCE GROUP OF AMERICA,16600 SWINGLEY RIDGE ROAD,Chesterfield,MO,2371,11522,701.4
246,37.667391,-122.383003,247,CORE-MARK HOLDING,395 OYSTER POINT BOULEVARD,South San Francisco,CA,7688,11507,54.2
247,42.36644,-71.08516,248,BIOGEN,225 BINNEY STREET,Cambridge,MA,7400,11449,3702.8
248,36.12198,-115.17141,249,LAS VEGAS SANDS,3355 LAS VEGAS BOULEVARD SOUTH,Las Vegas,NV,49000,11410,1670.0
249,41.69301,-72.80698,250,STANLEY BLACK & DECKER,1000 STANLEY DRIVE,New Britain,CT,54023,11407,965.3
250,41.50688,-81.46095,251,PARKER-HANNIFIN,6035 PARKLAND BOULEVARD,Cleveland,OH,48950,11361,806.8
251,42.24191,-85.55651,252,STRYKER,2825 AIRVIEW BOULEVARD,Kalamazoo,MI,33000,11325,1647.0
252,40.76391,-73.972322,253,ESTEE LAUDER,767 5TH AVENUE,New York,NY,46000,11262,1114.6
253,40.70987,-74.34783,254,CELGENE,86 MORRIS AVENUE,Summit,NJ,7132,11229,1999.2
254,40.75875,-73.97356,255,BLACKROCK,55 EAST 52ND STREET,New York,NY,13000,11155,3172.0
255,44.97975,-93.27008,256,XCEL ENERGY,414 NICOLLET MALL,Minneapolis,MN,11476,11107,1123.4
256,30.32474,-81.66411,257,CSX,500 WATER STREET,Jacksonville,FL,26628,11069,1714.0
257,35.04977,-85.30727,258,UNUM GROUP,1 FOUNTAIN SQUARE,Chattanooga,TN,9400,11047,931.4
258,32.784595,-96.797508,259,JACOBS ENGINEERING GROUP,1999 BRYAN STREET,Dallas,TX,49350,10964,210.5
259,25.77582,-80.36969,260,LENNAR,700 NW 107TH AVENUE,Miami,FL,8335,10950,911.8
260,29.77744,-95.54393,261,GROUP 1 AUTOMOTIVE,800 GESSNER ROAD,Houston,TX,13500,10888,147.1
261,40.7601,-73.97416,262,LEUCADIA NATIONAL,520 MADISON AVENUE,New York,NY,13000,10875,130.0
262,29.94917,-90.07648,263,ENTERGY,639 LOYOLA AVENUE,New Orleans,LA,13513,10846,-583.6
263,37.37627,-121.92257,264,PAYPAL HOLDINGS,2211 NORTH 1ST STREET,San Jose,CA,18100,10842,1401.0
264,37.37749,-121.9786,265,APPLIED MATERIALS,3050 BOWERS AVENUE,Santa Clara,CA,16150,10825,1721.0
265,40.75439,-73.9761,266,VOYA FINANCIAL,230 PARK AVENUE,New York,NY,6700,10782,-428.0
266,41.02329,-73.71059,267,MASTERCARD,2000 PURCHASE STREET,Purchase,NY,11900,10776,4059.0
267,41.09313,-73.45417,268,PRICELINE GROUP,800 CONNECTICUT AVENUE,Norwalk,CT,18500,10743,2135.0
268,39.55318,-104.84571,269,LIBERTY INTERACTIVE,12300 LIBERTY BOULEVARD,Englewood,CO,21080,10647,1235.0
269,35.14201,-90.05605,270,AUTOZONE,123 SOUTH FRONT STREET,Memphis,TN,66780,10636,1241.0
270,42.35306,-71.05899,271,STATE STREET CORP.,1 LINCOLN STREET,Boston,MA,33783,10635,2143.0
271,42.33338,-83.05739,272,DTE ENERGY,1 ENERGY PLAZA,Detroit,MI,10000,10630,868.0
272,40.74935,-73.97595,273,L-3 COMMUNICATIONS,600 3RD AVENUE,New York,NY,38000,10597,710.0
273,32.79448,-96.80818,274,HOLLYFRONTIER,2828 NORTH HARWOOD,Dallas,TX,2676,10536,-260.5
274,41.38683,-73.53267,275,PRAXAIR,39 OLD RIDGEBURY ROAD,Danbury,CT,26498,10534,1500.0
275,40.07846,-75.3696,276,UNIVERSAL HEALTH SERVICES,367 SOUTH GULPH ROAD,King Of Prussia,PA,70863,10508,702.4
276,42.15495,-87.88834,277,DISCOVER FINANCIAL SERVICES,2500 LAKE COOK ROAD,Riverwoods,IL,15549,10497,2393.0
277,34.05937,-118.44365,278,OCCIDENTAL PETROLEUM,10889 WILSHIRE BOULEVARD,Los Angeles,CA,11000,10398,-574.0
278,40.44136,-79.99485,279,UNITED STATES STEEL,600 GRANT STREET,Pittsburgh,PA,29800,10261,-440.0
279,32.71931,-117.16342,280,SEMPRA ENERGY,101 ASH STREET,San Diego,CA,16575,10183,1370.0
280,42.1599,-87.88061,281,BAXTER INTERNATIONAL,1 BAXTER PARKWAY,Deerfield,IL,48000,10163,4965.0
281,42.23856,-87.91151,282,W.W. GRAINGER,100 GRAINGER PARKWAY,Lake Forest,IL,25000,10137,605.9
282,42.6942,-83.27407,283,AUTOLIV,1320 PACIFIC DRIVE,Auburn Hills,MI,65900,10074,567.1
283,36.84548,-76.28802,284,NORFOLK SOUTHERN,3 COMMERCIAL PLACE,Norfolk,VA,27856,9888,1668.0
284,29.76129,-95.3959,285,BAKER HUGHES,2929 ALLEN PARKWAY,Houston,TX,33000,9841,-2738.0
285,42.330347,-83.044951,286,ALLY FINANCIAL,500 WOODWARD AVENUE,Detroit,MI,7600,9835,1067.0
286,35.17689,-80.79705,287,SONIC AUTOMOTIVE,4401 COLWICK ROAD,Charlotte,NC,9800,9732,93.2
287,37.64496,-77.40796,288,OWENS & MINOR,9120 LOCKWOOD BOULEVARD,Mechanicsville,VA,7900,9723,108.8
288,40.75842,-111.81899,289,HUNTSMAN,500 HUNTSMAN WAY,Salt Lake City,UT,15000,9657,326.0
289,36.09317,-79.43739,290,LABORATORY CORP. OF AMERICA,358 SOUTH MAIN STREET,Burlington,NC,52000,9642,732.1
290,33.21469,-92.66231,291,MURPHY USA,200 PEACH STREET,El Dorado,AR,6600,9633,221.5
291,37.31775,-79.95839,292,ADVANCE AUTO PARTS,5008 AIRPORT ROAD,Roanoke,VA,57500,9568,459.6
292,30.31897,-81.67456,293,FIDELITY NATIONAL FINANCIAL,601 RIVERSIDE AVENUE,Jacksonville,FL,55219,9554,650.0
293,40.55074,-75.59747,294,AIR PRODUCTS & CHEMICALS,7201 HAMILTON BOULEVARD,Allentown,PA,18450,9524,631.1
294,43.67467,-92.97162,295,HORMEL FOODS,1 HORMEL PLACE,Austin,MN,21100,9523,890.1
295,26.41844,-81.80972,296,HERTZ GLOBAL HOLDINGS,8501 WILLIAMS ROAD,Estero,FL,36000,9480,-491.0
296,36.11203,-115.17694,297,MGM RESORTS INTERNATIONAL,3600 LAS VEGAS BOULEVARD SOUTH,Las Vegas,NV,66500,9455,1101.4
297,42.14462,-77.05759,298,CORNING,1 RIVERFRONT PLAZA,Corning,NY,40700,9390,3695.0
298,33.65417,-111.93085,299,REPUBLIC SERVICES,18500 NORTH ALLIED WAY,Phoenix,AZ,33000,9388,612.6
299,40.75936,-73.9727,300,ALCOA,390 PARK AVENUE,New York,NY,14000,9318,-400.0
300,30.31897,-81.67456,301,FIDELITY NATIONAL INFORMATION SERVICES,601 RIVERSIDE AVENUE,Jacksonville,FL,55000,9241,568.0
301,33.619382,-117.87727,302,PACIFIC LIFE,700 NEWPORT CENTER DRIVE,Newport Beach,CA,3628,9169,824.0
302,33.76286,-84.38652,303,SUNTRUST BANKS,303 PEACHTREE STREET NE,Atlanta,GA,24375,9161,1878.0
303,41.88235,-87.64047,304,LKQ,500 WEST MADISON STREET,Chicago,IL,42500,9082,464.0
304,42.64544,-83.21182,305,BORGWARNER,3850 HAMLIN ROAD,Auburn Hills,MI,27000,9071,118.5
305,39.91172,-105.0992,306,BALL,10 LONGS PEAK DRIVE,Broomfield,CO,18450,9061,263.0
306,29.624432,-98.42136,307,CST BRANDS,19500 BULVERDE ROAD,San Antonio,TX,12380,9061,324.0
307,40.7379,-74.16963,308,PUBLIC SERVICE ENTERPRISE GROUP,80 PARK PLAZA,Newark,NJ,13065,9061,887.0
308,36.53579,-82.54941,309,EASTMAN CHEMICAL,200 SOUTH WILCOX DRIVE,Kingsport,TN,14000,9008,854.0
309,37.295143,-121.92611,310,EBAY,2025 HAMILTON AVENUE,San Jose,CA,12600,8979,7266.0
310,34.47421,-84.93784,311,MOHAWK INDUSTRIES,160 SOUTH INDUSTRIAL BOULEVARD,Calhoun,GA,37800,8959,930.4
311,36.15043,-95.99153,312,ONEOK,100 WEST 5TH STREET,Tulsa,OK,2384,8921,352.0
312,41.14844,-73.42684,313,FRONTIER COMMUNICATIONS,401 MERRITT 7,Norwalk,CT,28332,8896,-373.0
313,37.25958,-121.96263,314,NETFLIX,100 WINCHESTER CIRCLE,Los Gatos,CA,3850,8831,186.7
314,43.1549,-89.28863,315,AMERICAN FAMILY INSURANCE GROUP,6000 AMERICAN PARKWAY,Madison,WI,10471,8829,325.6
315,44.97476,-93.26568,316,THRIVENT FINANCIAL FOR LUTHERANS,625 4TH AVENUE SOUTH,Minneapolis,MN,3282,8777,587.8
316,47.6134,-122.19701,317,EXPEDIA,333 108TH AVENUE NE,Bellevue,WA,20075,8774,281.8
317,42.32845,-122.87228,318,LITHIA MOTORS,150 NORTH BARTLETT STREET,Medford,OR,11170,8678,197.1
318,40.84933,-74.44997,319,AVIS BUDGET GROUP,6 SYLVAN WAY,Parsippany,NJ,25600,8659,163.0
319,34.05166,-118.25138,320,RELIANCE STEEL & ALUMINUM,350 SOUTH GRAND AVENUE,Los Angeles,CA,14500,8613,304.3
320,32.90274,-97.08751,321,GAMESTOP,625 WESTPORT PARKWAY,Grapevine,TX,41750,8608,353.2
321,42.24862,-87.89968,322,TENNECO,500 NORTH FIELD DRIVE,Lake Forest,IL,31000,8599,363.0
322,37.20792,-93.24937,323,O'REILLY AUTOMOTIVE,233 SOUTH PATTERSON AVENUE,Springfield,MO,58397,8593,1037.7
323,41.25718,-95.96546,324,PETER KIEWIT SONS',3555 FARNAM STREET,Omaha,NE,20000,8573,396.0
324,41.8293,-71.43067,325,UNITED NATURAL FOODS,313 IRON HORSE WAY,Providence,RI,9554,8470,125.8
325,37.79387,-122.39486,326,SALESFORCE.COM,1 MARKET STREET,San Francisco,CA,25000,8392,179.6
326,42.36118,-71.55768,327,BOSTON SCIENTIFIC,1 BOSTON SCIENTIFIC PLACE,Natick,MA,27000,8386,347.0
327,39.60092,-104.89224,328,NEWMONT MINING,6363 SOUTH FIDDLER'S GREEN CIRCLE,Greenwood Village,CO,12438,8379,-627.0
328,37.60245,-77.51499,329,GENWORTH FINANCIAL,6620 WEST BROAD STREET,Richmond,VA,3400,8369,-277.0
329,34.07423,-118.39846,330,LIVE NATION ENTERTAINMENT,9348 CIVIC CENTER DRIVE,Beverly Hills,CA,11500,8355,2.9
330,33.93467,-84.3547,331,VERITIV,1000 ABERNATHY ROAD,Atlanta,GA,8700,8327,21.0
331,40.75867,-73.9824,332,NEWS CORP.,1211 AVENUE OF THE AMERICAS,New York,NY,24000,8319,179.0
332,40.11188,-74.99049,333,CROWN HOLDINGS,1 CROWN WAY,Philadelphia,PA,23992,8284,496.0
333,42.35475,-71.26202,334,GLOBAL PARTNERS,800 SOUTH STREET,Waltham,MA,1770,8240,-199.4
334,40.7488,-73.98239,335,PVH,200 MADISON AVENUE,New York,NY,26650,8203,549.0
335,39.9206,-105.14427,336,LEVEL 3 COMMUNICATIONS,1025 ELDORADO BOULEVARD,Broomfield,CO,12600,8172,677.0
336,41.81126,-88.10736,337,NAVISTAR INTERNATIONAL,2701 NAVISTAR DRIVE,Lisle,IL,11300,8111,-97.0
337,41.8323,-88.00463,338,UNIVAR,3075 HIGHLAND PARKWAY,Downers Grove,IL,8700,8074,-68.4
338,39.94217,-75.10737,339,CAMPBELL SOUP,1 CAMPBELL PLACE,Camden,NJ,16500,7961,563.0
339,40.50779,-80.2658,340,DICK'S SPORTING GOODS,345 COURT STREET,Coraopolis,PA,27550,7922,287.4
340,47.600473,-122.332633,341,WEYERHAEUSER,220 OCCIDENTAL AVENUE SOUTH,Seattle,WA,10400,7902,1027.0
341,41.25847,-95.96229,342,MUTUAL OF OMAHA INSURANCE,3300 MUTUAL OF OMAHA PLAZA,Omaha,NE,5732,7899,356.6
342,35.53367,-97.52924,343,CHESAPEAKE ENERGY,6100 NORTH WESTERN AVENUE,Oklahoma City,OK,3300,7872,-4401.0
343,30.16059,-95.4541,344,ANADARKO PETROLEUM,1201 LAKE ROBBINS DRIVE,The Woodlands,TX,4500,7869,-3071.0
344,40.75482,-73.98285,345,INTERPUBLIC GROUP,1114 AVENUE OF THE AMERICAS,New York,NY,49800,7847,608.5
345,40.85039,-81.76289,346,J.M. SMUCKER,1 STRAWBERRY LANE,Orrville,OH,6910,7811,688.7
346,41.0411,-85.23743,347,STEEL DYNAMICS,7575 WEST JEFFERSON BOULEVARD,Fort Wayne,IN,7695,7777,382.1
347,40.75,-73.98866,348,FOOT LOCKER,112 WEST 34TH STREET,New York,NY,32965,7766,664.0
348,31.75895,-106.48934,349,WESTERN REFINING,123 WEST MILLS AVENUE,El Paso,TX,7134,7743,124.9
349,42.82551,-85.68454,350,SPARTANNASH,850 76TH STREET SW,Byron Center,MI,11500,7735,56.8
350,32.80555,-96.79212,351,DEAN FOODS,2711 NORTH HASKELL AVENUE,Dallas,TX,17000,7710,119.9
351,41.23959,-85.85409,352,ZIMMER BIOMET HOLDINGS,345 EAST MAIN STREET,Warsaw,IN,18500,7684,305.9
352,33.847682,-84.368186,353,PULTEGROUP,3350 PEACHTREE ROAD NORTHEAST,Atlanta,GA,4623,7669,602.7
353,41.01869,-73.62254,354,W.R. BERKLEY,475 STEAMBOAT ROAD,Greenwich,CT,7608,7654,601.9
354,29.73599,-95.46125,355,QUANTA SERVICES,2800 POST OAK BOULEVARD,Houston,TX,28100,7651,198.4
355,29.75867,-95.37054,356,EOG RESOURCES,1111 BABGY STREET,Houston,TX,2650,7651,-1096.7
356,37.79059,-122.3927,357,CHARLES SCHWAB,211 MAIN STREET,San Francisco,CA,16200,7644,1889.0
357,42.151263,-72.547416,358,EVERSOURCE ENERGY,300 CADWELL DRIVE,Springfield,MA,7762,7639,942.3
358,42.09727,-87.82337,359,ANIXTER INTERNATIONAL,2301 PATRIOT BOULEVARD,Glenview,IL,8900,7625,120.5
359,41.14935,-73.42656,360,EMCOR GROUP,301 MERRITT SEVEN,Norwalk,CT,31000,7552,181.9
360,40.70809,-74.00935,361,ASSURANT,1 CHASE MANHATTAN PLAZA,New York,NY,14700,7532,565.4
361,29.75714,-95.368,362,CENTERPOINT ENERGY,1111 LOUISIANA STREET,Houston,TX,7727,7528,432.0
362,28.0913,-80.63837,363,HARRIS,1025 WEST NASA BOULEVARD,Melbourne,FL,21000,7527,324.0
363,33.87735,-84.46577,364,HD SUPPLY HOLDINGS,3100 CUMBERLAND BOULEVARD,Atlanta,GA,14000,7524,196.0
364,40.60152,-75.47591,365,PPL,2 NORTH 9TH STREET,Allentown,PA,12689,7517,1902.0
365,40.787834,-74.04493,366,QUEST DIAGNOSTICS,500 PLAZA DRIVE,Secaucus,NJ,43000,7515,645.0
366,36.15435,-95.99151,367,WILLIAMS,1 WILLIAMS CENTER,Tulsa,OK,5604,7499,-424.0
367,43.03701,-87.91382,368,WEC ENERGY GROUP,231 WEST MICHIGAN STREET,Milwaukee,WI,8074,7472,939.0
368,40.30256,-76.64913,369,HERSHEY,100 CRYSTAL A DRIVE,Hershey,PA,17140,7440,720.0
369,34.01785,-84.16473,370,AGCO,4205 RIVER GREEN PARKWAY,Duluth,GA,19795,7411,160.1
370,40.76404,-73.97166,371,RALPH LAUREN,650 MADISON AVENUE,New York,NY,20500,7405,396.0
371,42.26778,-83.24257,372,MASCO,21001 VAN BORN ROAD,Taylor,MI,26000,7357,491.0
372,40.43329,-80.00437,373,WESCO INTERNATIONAL,225 WEST STATION SQUARE DRIVE,Pittsburgh,PA,9000,7336,101.6
373,36.04162,-86.76894,374,LIFEPOINT HEALTH,330 SEVEN SPRINGS WAY,Brentwood,TN,47000,7274,121.9
374,29.69082,-95.5543,375,NATIONAL OILWELL VARCO,7909 PARKWOOD CIRCLE DRIVE,Houston,TX,36384,7251,-2412.0
375,38.2466,-85.75849,376,KINDRED HEALTHCARE,680 SOUTH 4TH STREET,Louisville,KY,76650,7227,-664.2
376,45.01507,-93.45487,377,MOSAIC,3033 CAMPUS DRIVE,Plymouth,MN,8700,7163,297.8
377,33.08093,-96.82359,378,ALLIANCE DATA SYSTEMS,7500 DALLAS PARKWAY,Plano,TX,17000,7138,515.8
378,38.923544,-77.220295,379,COMPUTER SCIENCES CORPORATION,1775 TYSONS BOULEVARD,Mclean,VA,59000,7106,251.0
379,36.98823,-76.43717,380,HUNTINGTON INGALLS INDUSTRIES,4101 WASHINGTON AVENUE,Newport News,VA,37000,7068,573.0
380,38.95909,-77.35907,381,LEIDOS HOLDINGS,11951 FREEDOM DRIVE,Reston,VA,32000,7043,244.0
381,42.13031,-80.084,382,ERIE INSURANCE GROUP,100 ERIE INSURANCE PLACE,Erie,PA,4988,7016,741.9
382,37.39455,-122.15025,383,TESLA,3500 DEER CREEK ROAD,Palo Alto,CA,30025,7000,-674.9
383,41.07444,-74.17075,384,ASCENA RETAIL GROUP,933 MACARTHUR BOULEVARD,Mahwah,NJ,41000,6995,-11.9
384,28.41777,-81.42347,385,DARDEN RESTAURANTS,1000 DARDEN CENTER DRIVE,Orlando,FL,150942,6934,375.0
385,41.04985,-73.5389,386,HARMAN INTERNATIONAL INDUSTRIES,400 ATLANTIC STREET,Stamford,CT,26000,6912,361.7
386,37.37173,-121.96588,387,NVIDIA,2788 SAN TOMAS EXPRESSWAY,Santa Clara,CA,10299,6910,1666.0
387,41.886583,-87.629188,388,R.R. DONNELLEY & SONS,35 W WACKER DRIVE,Chicago,IL,44360,6896,-495.9
388,39.10115,-84.51246,389,FIFTH THIRD BANCORP,38 FOUNTAIN SQUARE PLAZA,Cincinnati,OH,17844,6889,1564.0
389,35.88038,-78.84023,390,QUINTILES TRANSNATIONAL HOLDINGS,4820 EMPEROR BOULEVARD,Durham,NC,50000,6878,115.0
390,41.88526,-87.62148,391,JONES LANG LASALLE,200 EAST RANDOLPH DRIVE,Chicago,IL,77300,6804,318.2
391,41.83254,-88.00745,392,DOVER,3005 HIGHLAND PARKWAY,Downers Grove,IL,29000,6794,508.9
392,37.62239,-97.28386,393,SPIRIT AEROSYSTEMS HOLDINGS,3801 SOUTH OLIVER STREET,Wichita,KS,14400,6793,469.7
393,25.86816,-80.38533,394,RYDER SYSTEM,11690 NW 105TH STREET,Miami,FL,34500,6787,262.5
394,39.95213,-75.15845,395,A-MARK PRECIOUS METALS,1101 MARKET STREET,Philadelphia,PA,83000,6784,9.3
395,36.032478,-86.813115,396,TRACTOR SUPPLY,5401 VIRGINIA WAY,Brentwood,TN,19500,6780,437.1
396,40.89756,-74.1272,397,SEALED AIR,200 RIVERFRONT BOULEVARD,Elmwood Park,NJ,23000,6778,486.4
397,42.72472,-84.64068,398,AUTO-OWNERS INSURANCE,6101 ANACAPRI BOULEVARD,Lansing,MI,4737,6775,706.3
398,33.07438,-96.83538,399,YUM CHINA HOLDINGS,7100 CORPORATE DRIVE,Plano,TX,420000,6752,502.0
399,29.7614,-95.36438,400,CALPINE,717 TEXAS AVENUE,Houston,TX,2372,6716,92.0
400,41.52773,-83.64698,401,OWENS-ILLINOIS,1 MICHAEL OWENS WAY,Perrysburg,OH,27000,6702,209.0
401,29.75849,-95.3684,402,TARGA RESOURCES,1000 LOUISIANA STREET,Houston,TX,1970,6691,-187.3
402,40.75084,-73.93867,403,JETBLUE AIRWAYS,27-01 QUEENS PLAZA NORTH,Long Island City,NY,15986,6632,759.0
403,38.60453,-90.44781,404,JONES FINANCIAL,12555 MANCHESTER ROAD,Des Peres,MO,43000,6632,746.0
404,37.54322,-122.29206,405,FRANKLIN RESOURCES,1 FRANKLIN PARKWAY,San Mateo,CA,9059,6618,1726.7
405,34.01978,-118.45255,406,ACTIVISION BLIZZARD,3100 OCEAN PARK BOULEVARD,Santa Monica,CA,9500,6608,966.0
406,36.2453,-94.14745,407,J.B. HUNT TRANSPORT SERVICES,615 J.B. HUNT CORPORATE DRIVE,Lowell,AR,22190,6556,432.1
407,43.0398,-77.45625,408,CONSTELLATION BRANDS,370 WOODCLIFF DRIVE,Fairport,NY,9000,6548,1054.9
408,33.779256,-84.389521,409,NCR,864 SPRING STREET NW,Atlanta,GA,33500,6543,270.0
409,34.00499,-84.09278,410,ASBURY AUTOMOTIVE GROUP,2905 PREMIERE PARKWAY NW,Duluth,GA,7900,6528,167.2
410,39.10012,-84.50718,411,AMERICAN FINANCIAL GROUP,301 EAST 4TH STREET,Cincinnati,OH,7600,6498,649.0
411,38.99502,-77.02808,412,DISCOVERY COMMUNICATIONS,1 DISCOVERY PLACE,Silver Spring,MD,7000,6497,1194.0
412,37.98045,-87.546,413,BERRY GLOBAL GROUP,301 NORTH KENTUCKY AVENUE,Evansville,IN,21000,6489,236.0
413,37.39015,-121.92934,414,SANMINA,2700 NORTH 1ST STREET,Milpitas,CA,40178,6481,187.8
414,38.89465,-77.07012,415,CALATLANTIC GROUP,1100 WILSON BOULEVARD,Arlington,VA,3055,6477,484.7
415,33.07563,-96.80476,416,DR PEPPER SNAPPLE GROUP,5301 LEGACY DRIVE,Plano,TX,20000,6440,847.0
416,34.75402,-92.28755,417,DILLARD'S,1600 CANTRELL ROAD,Little Rock,AR,30800,6418,169.2
417,40.76131,-73.97128,418,HRG GROUP,450 PARK AVENUE,New York,NY,16021,6403,-198.8
418,42.2466,-84.40253,419,CMS ENERGY,1 ENERGY PLAZA,Jackson,MI,7750,6399,551.0
419,38.65149,-90.33901,420,GRAYBAR ELECTRIC,34 NORTH MERAMEC AVENUE,Saint Louis,MO,8500,6385,93.1
420,32.78526,-96.79636,421,BUILDERS FIRSTSOURCE,2001 BRYAN STREET,Dallas,TX,14000,6367,144.3
421,38.19863,-85.6949,422,YUM BRANDS,1441 GARDINER LANE,Louisville,KY,90000,6366,1619.0
422,41.693711,-93.57317,423,CASEY'S GENERAL STORES,1 SOUTHEAST CONVENIENCE BOULEVARD,Ankeny,IA,24724,6304,226.0
423,41.45986,-72.83263,424,AMPHENOL,358 HALL AVENUE,Wallingford,CT,62000,6286,822.9
424,43.99301,-88.54267,425,OSHKOSH,2307 OREGON STREET,Oshkosh,WI,13800,6279,216.4
425,29.49244,-98.47939,426,IHEARTMEDIA,200 EAST BASSE ROAD,San Antonio,TX,18700,6274,-296.3
426,41.84962,-87.94812,427,TREEHOUSE FOODS,2021 SPRING ROAD,Oak Brook,IL,16027,6175,-228.6
427,40.75569,-73.98649,428,ALLEGHANY,7 TIMES SQUARE,New York,NY,3420,6131,456.9
428,47.60578,-122.33459,429,EXPEDITORS INTERNATIONAL OF WASHINGTON,1015 3RD AVENUE,Seattle,WA,16000,6098,430.8
429,34.15706,-118.25654,430,AVERY DENNISON,207 GOODE AVENUE,Glendale,CA,25000,6087,320.7
430,38.6207,-90.21103,431,AMEREN,1901 CHOUTEAU AVENUE,Saint Louis,MO,8629,6076,653.0
431,36.18974,-80.26355,432,HANESBRANDS,1000 EAST HANES MILL ROAD,Winston-Salem,NC,67800,6063,539.4
432,41.880843,-87.64077,433,MOTOROLA SOLUTIONS,500 WEST MONROE STREET,Chicago,IL,14000,6038,560.0
433,45.01234,-93.10161,434,ST. JUDE MEDICAL,1 SAINT JUDE MEDICAL DRIVE,Saint Paul,MN,18000,6004,734.0
434,43.04561,-87.96181,435,HARLEY-DAVIDSON,3700 WEST JUNEAU AVENUE,Milwaukee,WI,6000,5997,692.2
435,33.51806,-86.80907,436,REGIONS FINANCIAL,1900 5TH AVENUE NORTH,Birmingham,AL,22166,5967,1163.0
436,33.90902,-84.43108,437,INTERCONTINENTAL EXCHANGE,5660 NEW NORTHSIDE DRIVE NW,Atlanta,GA,5631,5958,1422.0
437,47.42906,-122.29366,438,ALASKA AIR GROUP,19300 INTERNATIONAL BOULEVARD,Seattle,WA,19112,5931,814.0
438,41.8871,-87.62429,439,OLD REPUBLIC INTERNATIONAL,307 NORTH MICHIGAN AVENUE,Chicago,IL,8500,5901,466.9
439,37.4886,-121.95694,440,LAM RESEARCH,4650 CUSHING PARKWAY,Fremont,CA,7500,5886,914.0
440,39.32767,-84.42792,441,AK STEEL HOLDING,9227 CENTRE POINT DRIVE,West Chester,OH,8500,5883,-7.8
441,43.01807,-87.91331,442,ROCKWELL AUTOMATION,1201 SOUTH 2ND STREET,Milwaukee,WI,22000,5880,729.7
442,38.92871,-77.21557,443,ADOBE SYSTEMS,7930 JONES BRANCH DRIVE,Mclean,VA,15706,5854,1168.8
443,40.710025,-74.010868,444,AVON PRODUCTS,165 BROADWAY,New York,NY,26400,5853,-107.6
444,41.12544,-73.33089,445,TEREX,200 NYALA FARM ROAD,Westport,CT,18100,5841,-176.1
445,38.95224,-77.34999,446,NVR,11700 PLAZA AMERICAN DRIVE,Reston,VA,4900,5835,425.3
446,41.5677,-83.69383,447,DANA HOLDING,3939 TECHNOLOGY DRIVE,Maumee,OH,24900,5826,640.0
447,40.77162,-74.42197,448,REALOGY HOLDINGS,175 PARK AVENUE,Madison,NJ,11800,5810,213.0
448,42.34652,-71.07977,449,AMERICAN TOWER,116 HUNTINGTON AVENUE,Boston,MA,4507,5786,956.4
449,42.24325,-87.89465,450,PACKAGING CORP. OF AMERICA,1955 WEST FIELD COURT,Lake Forest,IL,14000,5779,449.6
450,41.82884,-71.41286,451,CITIZENS FINANCIAL GROUP,1 CITIZENS PLAZA,Providence,RI,17600,5763,1045.0
451,41.04426,-73.54979,452,UNITED RENTALS,100 FIRST STAMFORD PLACE,Stamford,CT,12500,5762,566.0
452,37.80348,-122.27237,453,CLOROX,1221 BROADWAY,Oakland,CA,8000,5761,648.0
453,39.84708,-75.71159,454,GENESIS HEALTHCARE,101 EAST STATE STREET,Kennett Square,PA,82000,5733,-64.0
454,42.88876,-78.87331,455,M&T BANK CORP.,1 M&T PLAZA,Buffalo,NY,16487,5722,1315.1
455,41.84558,-87.90225,456,INGREDION,5 WESTBROOK CORPORATE CENTER,Westchester,IL,11000,5704,484.9
456,40.08857,-75.40659,457,UGI,460 NORTH GULPH ROAD,King Of Prussia,PA,13105,5686,364.7
457,41.64625,-83.53444,458,OWENS CORNING,1 OWENS CORNING PARKWAY,Toledo,OH,16000,5677,393.0
458,40.7032,-74.00914,459,S&P GLOBAL,55 WATER STREET,New York,NY,20000,5661,2106.0
459,37.66219,-77.57726,460,MARKEL,4521 HIGHWOODS PARKWAY,Glen Allen,VA,10900,5612,455.7
460,40.84681,-74.44784,461,WYNDHAM WORLDWIDE,22 SYLVAN WAY,Parsippany,NJ,37800,5599,611.0
461,41.98806,-88.01484,462,ARTHUR J. GALLAGHER,2 PIERCE PLACE,Itasca,IL,24790,5595,414.4
462,40.09215,-74.80758,463,BURLINGTON STORES,2006 ROUTH 130,Burlington,NJ,40000,5591,215.9
463,33.7022,-117.85977,464,FIRST AMERICAN FINANCIAL,1 1ST AMERICAN WAY,Santa Ana,CA,19531,5576,343.0
464,37.39779,-122.05465,465,SYMANTEC,350 ELLIS STREET,Mountain View,CA,11000,5568,2488.0
465,44.86743,-93.14265,466,PATTERSON,1031 MENDOTA HEIGHTS ROAD,Saint Paul,MN,7000,5555,187.2
466,38.64849,-90.33389,467,OLIN,190 CARONDELET PLAZA,Clayton,MO,6400,5551,-3.9
467,37.41266,-122.01133,468,NETAPP,495 EAST JAVA DRIVE,Sunnyvale,CA,12030,5546,229.0
468,27.88649,-82.66717,469,RAYMOND JAMES FINANCIAL,880 CARILLON PARKWAY,Saint Petersburg,FL,11900,5520,529.4
469,41.45648,-81.89416,470,TRAVELCENTERS OF AMERICA,24601 CENTER RIDGE ROAD,Westlake,OH,20259,5511,-2.0
470,43.03355,-88.14072,471,FISERV,255 FISERV DRIVE,Brookfield,WI,23000,5505,930.0
471,39.02808,-77.1391,472,HOST HOTELS & RESORTS,6903 ROCKLEDGE DRIVE,Bethesda,MD,220000,5488,762.0
472,33.35718,-111.96819,473,INSIGHT ENTERPRISES,6820 SOUTH HARL AVENUE,Tempe,AZ,5930,5486,84.7
473,33.9203,-118.39185,474,MATTEL,333 CONTINENTAL BOULEVARD,El Segundo,CA,32000,5457,318.0
474,40.70862,-74.00797,475,AMTRUST FINANCIAL SERVICES,59 MAIDEN LANE,New York,NY,8000,5451,411.0
475,39.30823,-84.52325,476,CINCINNATI FINANCIAL,6200 SOUTH GILMORE ROAD,Fairfield,OH,4754,5449,590.7
476,39.76681,-86.1623,477,SIMON PROPERTY GROUP,225 WEST WASHINGTON STREET,Indianapolis,IN,4050,5435,1838.9
477,39.54685,-104.84492,478,WESTERN UNION,12500 EAST BELFORD AVENUE,Englewood,CO,10700,5423,253.2
478,41.50094,-81.69401,479,KEYCORP,127 PUBLIC SQUARE,Cleveland,OH,15700,5422,791.0
479,35.97105,-86.8094,480,DELEK US HOLDINGS,7102 COMMERCE WAY,Brentwood,TN,1326,5414,-153.7
480,38.92229,-77.23179,481,BOOZ ALLEN HAMILTON HOLDING,8283 GREENSBORO DRIVE,Mclean,VA,22600,5406,294.1
481,39.74627,-75.54817,482,CHEMOURS,1007 MARKET STREET,Wilmington,DE,7000,5400,7.0
482,39.10113,-84.50607,483,WESTERN & SOUTHERN FINANCIAL GROUP,400 BROADWAY,Cincinnati,OH,2178,5398,241.2
483,32.87148,-96.94402,484,CELANESE,222 WEST LAS COLINAS BOULEVARD,Irving,TX,7293,5389,900.0
484,34.78773,-92.39809,485,WINDSTREAM HOLDINGS,4001 RODNEY PARHAM ROAD,Little Rock,AR,11870,5387,-383.5
485,39.00816,-94.69096,486,SEABOARD,9000 WEST 67TH STREET,Shawnee Mission,KS,11781,5379,312.0
486,42.16412,-87.87666,487,ESSENDANT,1 PARKWAY NORTH BOULEVARD,Deerfield,IL,6600,5369,63.9
487,29.74464,-95.46266,488,APACHE,2000 POST OAK BOULEVARD,Houston,TX,3727,5354,-1405.0
488,40.04169,-75.35803,489,AIRGAS,259 NORTH RADNOR-CHESTER ROAD,Radnor,PA,17000,5314,337.5
489,42.56084,-83.16604,490,KELLY SERVICES,999 WEST BIG BEAVER ROAD,Troy,MI,7500,5277,120.8
490,39.55318,-104.84571,491,LIBERTY MEDIA,12300 LIBERTY BOULEVARD,Englewood,CO,3626,5276,680.0
491,42.03147,-91.64372,492,ROCKWELL COLLINS,400 COLLINS ROAD NE,Cedar Rapids,IA,19000,5259,728.0
492,37.42176,-122.21504,493,ROBERT HALF INTERNATIONAL,2884 SAND HILL ROAD,Menlo Park,CA,16400,5250,343.4
493,39.5482,-104.86745,494,CH2M HILL,9191 SOUTH JAMAICA STREET,Englewood,CO,20000,5236,15.0
494,39.95917,-83.10936,495,BIG LOTS,300 PHILLIPI ROAD,Columbus,OH,23150,5200,152.8
495,32.91509,-96.98834,496,MICHAELS COS.,8000 BENT BRANCH DRIVE,Irving,TX,31000,5197,378.2
496,40.17486,-75.1359,497,TOLL BROTHERS,250 GIBRALTAR ROAD,Horsham,PA,4200,5170,382.1
497,37.4179,-122.0253,498,YAHOO,701 1ST AVENUE,Sunnyvale,CA,8500,5169,-214.3
498,32.89835,-96.96431,499,VISTRA ENERGY,6555 SIERRA DRIVE,Irving,TX,4431,5164,-99999.0
499,40.75559,-73.97913,500,ABM INDUSTRIES,551 5TH AVENUE,New York,NY,110000,5145,57.2
